command,mean,stddev,median,user,system,min,max
./floyd_warshall_vipbench_base,0.014624337355699873,0.003823407573048032,0.013418594420000002,0.014101428059999987,0.0004903331120000001,0.010750658920000001,0.06756235992000001
./floyd_warshall_vipbench_stacked,0.016304338443999977,0.004188931077076422,0.015010717420000002,0.01561139657599999,0.0006602497760000002,0.01190817392,0.09932240692000001
./floyd_warshall_vipbench_merged,0.016218490181000026,0.004101859177208445,0.01495516642,0.015485811848000023,0.000692067295999999,0.012122475920000002,0.06090716392
