command,mean,stddev,median,user,system,min,max
./demo_test_base,0.0037242458830000127,0.0010467620696362387,0.0034803360400000004,0.003561572231999992,0.0001617645359999999,0.0023101280399999997,0.02254977004
./demo_test_stacked,0.004361871066999994,0.0011675623755290332,0.0040503905400000005,0.0041520606479999896,0.00020668307399999993,0.0028028320399999997,0.032754641040000004
./demo_test_merged,0.003947799376299989,0.0009265488493962393,0.0036781880400000005,0.0038140361639999966,0.00014408868600000014,0.0028472320399999997,0.01884454404
