command,mean,stddev,median,user,system,min,max
./demo_test_fplicm,0.00037447481159999947,0.00023059662734084332,0.0003081097,0.00036088284599999963,0.00003588207199999997,0.0000832087,0.0041295377
